{"mean": [0.0, 0.0, 0.1827288269996643, -0.10523872822523117, 0.33381471037864685, -0.1500375121831894, 0.4222256541252136, -0.13226544857025146, 0.46869096159935, -0.0993737131357193, 0.24960553646087646, -0.21902143955230713, 0.3690961003303528, -0.1597699671983719, 0.42721110582351685, -0.1131754219532013, 0.459500253200531, -0.08198992908000946, 0.16594929993152618, -0.1349586695432663, 0.30669209361076355, -0.026376070454716682, 0.3541625738143921, 0.05362361669540405, 0.3678836524486542, 0.0975097045302391, 0.09535039961338043, -0.035274241119623184, 0.22475740313529968, 0.08102229982614517, 0.2597582936286926, 0.14804591238498688, 0.2651193141937256, 0.17940565943717957, 0.03993232548236847, 0.0684761106967926, 0.13776609301567078, 0.161638081073761, 0.1661861389875412, 0.20862331986427307, 0.17187027633190155, 0.22960129380226135, 0.0, 0.0, -0.2001296579837799, 0.008680734783411026, -0.34273016452789307, 0.14254340529441833, -0.4148028492927551, 0.3082548975944519, -0.4474641978740692, 0.44795504212379456, -0.24830245971679688, 0.2825582027435303, -0.3565780818462372, 0.5191173553466797, -0.4246236979961395, 0.620440661907196, -0.46870189905166626, 0.676389217376709, -0.14918433129787445, 0.36121878027915955, -0.2654682993888855, 0.6103160381317139, -0.33326831459999084, 0.7058461308479309, -0.37514275312423706, 0.7541123032569885, -0.06712066382169724, 0.42078232765197754, -0.1691012680530548, 0.6548588871955872, -0.22631582617759705, 0.7400153279304504, -0.261412650346756, 0.78077232837677, -0.001805573352612555, 0.4643981456756592, -0.07287398725748062, 0.6580730080604553, -0.11552278697490692, 0.7337168455123901, -0.14322933554649353, 0.7741366624832153], "std": [0.0, 0.0, 0.23422499001026154, 0.2728421688079834, 0.4214304983615875, 0.5805513262748718, 0.545487642288208, 0.8371615409851074, 0.6380980014801025, 1.024910807609558, 0.42491286993026733, 0.7223590016365051, 0.588641881942749, 1.0451745986938477, 0.6707982420921326, 1.1947026252746582, 0.73566734790802, 1.3054711818695068, 0.39020469784736633, 0.7061372995376587, 0.5733124613761902, 1.0249426364898682, 0.6307820677757263, 1.132407307624817, 0.6761354207992554, 1.2154115438461304, 0.3894009590148926, 0.6775801181793213, 0.5594891905784607, 0.9720226526260376, 0.5969591736793518, 1.0482808351516724, 0.6285257339477539, 1.10737943649292, 0.41463974118232727, 0.6458826661109924, 0.5499285459518433, 0.8896220326423645, 0.5834779143333435, 0.966664731502533, 0.6108775734901428, 1.023506760597229, 0.0, 0.0, 0.23334063589572906, 0.2375451624393463, 0.41796010732650757, 0.5158493518829346, 0.5284625887870789, 0.7595493197441101, 0.602510392665863, 0.9471028447151184, 0.40689054131507874, 0.6304911375045776, 0.563666582107544, 0.9323228597640991, 0.6506151556968689, 1.0849229097366333, 0.7194707989692688, 1.1975263357162476, 0.36726176738739014, 0.6198622584342957, 0.5472040772438049, 0.9256315231323242, 0.6358659267425537, 1.068995714187622, 0.7071869969367981, 1.177288293838501, 0.3581683039665222, 0.5983294248580933, 0.5296556949615479, 0.880989670753479, 0.6095892190933228, 1.0092943906784058, 0.6747022867202759, 1.108759880065918, 0.3733854293823242, 0.5720247030258179, 0.5124813318252563, 0.7976850867271423, 0.5836881399154663, 0.9038349986076355, 0.6375877261161804, 0.9873037934303284]}