{"mean": [0.0, 0.0, 0.10938495397567749, -0.06314309686422348, 0.19983117282390594, -0.09012992680072784, 0.2527729868888855, -0.07962053269147873, 0.2806234657764435, -0.060022056102752686, 0.14943541586399078, -0.13148397207260132, 0.22101588547229767, -0.09620983153581619, 0.25584876537323, -0.06834786385297775, 0.27520468831062317, -0.049688637256622314, 0.09938798099756241, -0.08112442493438721, 0.1837216019630432, -0.016269933432340622, 0.21217161417007446, 0.031648170202970505, 0.22039680182933807, 0.05794886127114296, 0.05715261772274971, -0.021400799974799156, 0.13470055162906647, 0.04809499904513359, 0.15569686889648438, 0.0882636085152626, 0.1589292287826538, 0.10708136111497879, 0.023993851616978645, 0.040762726217508316, 0.0826091393828392, 0.09641380608081818, 0.09964685887098312, 0.12455099821090698, 0.10306809097528458, 0.13712970912456512, 0.0, 0.0, -0.11978311836719513, 0.005280287470668554, -0.2050866186618805, 0.08548600971698761, -0.2481776773929596, 0.18470771610736847, -0.267707884311676, 0.2683374285697937, -0.14856457710266113, 0.1693182736635208, -0.21333371102809906, 0.3109450936317444, -0.25403815507888794, 0.37159809470176697, -0.280396431684494, 0.4050839841365814, -0.08922607451677322, 0.21638138592243195, -0.15879029035568237, 0.36551210284233093, -0.19935104250907898, 0.42269396781921387, -0.22439609467983246, 0.4515855014324188, -0.040097925812006, 0.25200363993644714, -0.10109962522983551, 0.39214658737182617, -0.13531814515590668, 0.44311606884002686, -0.1563013792037964, 0.4675109088420868, -0.0009978493908420205, 0.278077632188797, -0.043515633791685104, 0.3940287232398987, -0.06902727484703064, 0.43930861353874207, -0.08559577912092209, 0.46350204944610596], "std": [0.0, 0.0, 0.2021399438381195, 0.21733716130256653, 0.3648799955844879, 0.45520225167274475, 0.46992653608322144, 0.6510376334190369, 0.5445394515991211, 0.794642448425293, 0.35077255964279175, 0.5693201422691345, 0.4899526834487915, 0.8124046921730042, 0.5598799586296082, 0.9262682199478149, 0.6123801469802856, 1.01114821434021, 0.3126222491264343, 0.550391435623169, 0.4684750735759735, 0.7932872772216797, 0.5180174112319946, 0.8766477108001709, 0.5534489154815674, 0.9419037103652954, 0.30498242378234863, 0.5244913697242737, 0.44684725999832153, 0.7533977627754211, 0.4791860282421112, 0.8144516348838806, 0.5035037398338318, 0.8616495728492737, 0.32149529457092285, 0.5011007189750671, 0.4310011565685272, 0.6930298805236816, 0.458812952041626, 0.7551668286323547, 0.4802451729774475, 0.8003804683685303, 0.0, 0.0, 0.20554094016551971, 0.18389783799648285, 0.3642956018447876, 0.40529322624206543, 0.4565287232398987, 0.6069353818893433, 0.5150393843650818, 0.7652655839920044, 0.33745408058166504, 0.507407546043396, 0.4697079062461853, 0.7656210064888, 0.5444344282150269, 0.8930384516716003, 0.6019352078437805, 0.9845460057258606, 0.2932623326778412, 0.5115163326263428, 0.44284969568252563, 0.7763817310333252, 0.5180945992469788, 0.8969677090644836, 0.5771493911743164, 0.9831703901290894, 0.2790195047855377, 0.507149338722229, 0.41786837577819824, 0.7535442113876343, 0.4843996465206146, 0.8613089323043823, 0.5374606251716614, 0.9397469758987427, 0.2889413833618164, 0.4978421628475189, 0.3981982469558716, 0.6964758038520813, 0.4551289677619934, 0.7863495349884033, 0.49836209416389465, 0.853181004524231]}