{"mean": [0.0, 0.0, 0.14299066364765167, -0.08435048907995224, 0.261343777179718, -0.12201809883117676, 0.33073192834854126, -0.11010011285543442, 0.3673012852668762, -0.08566902577877045, 0.195006862282753, -0.17805446684360504, 0.28885194659233093, -0.13423822820186615, 0.3344927430152893, -0.09869652986526489, 0.35977256298065186, -0.07481668889522552, 0.12964262068271637, -0.11204688996076584, 0.24047571420669556, -0.02916898764669895, 0.2776886522769928, 0.033107683062553406, 0.2882481813430786, 0.06729991734027863, 0.0745936706662178, -0.03349841386079788, 0.1764991730451584, 0.055722251534461975, 0.20394033193588257, 0.10799408704042435, 0.20797277987003326, 0.13249123096466064, 0.03145716339349747, 0.04843205586075783, 0.10841948539018631, 0.11976227909326553, 0.13064856827259064, 0.1562286615371704, 0.1349729299545288, 0.17249178886413574, 0.0, 0.0, -0.15680569410324097, 0.007032396271824837, -0.2683948278427124, 0.11202722042798996, -0.3246517777442932, 0.2419080287218094, -0.3501497805118561, 0.3513084352016449, -0.1943948119878769, 0.22068889439105988, -0.2792201340198517, 0.4061869978904724, -0.3324435353279114, 0.4855348467826843, -0.36683008074760437, 0.529231607913971, -0.11664869636297226, 0.2821677029132843, -0.2077961266040802, 0.4775262773036957, -0.26091548800468445, 0.552288830280304, -0.2936495840549469, 0.5899096131324768, -0.05229192599654198, 0.3288043439388275, -0.1322198063135147, 0.512408971786499, -0.17702801525592804, 0.5791099667549133, -0.20444230735301971, 0.610938549041748, -0.0010926465038210154, 0.36305439472198486, -0.056772295385599136, 0.5148245096206665, -0.09018787741661072, 0.5740526914596558, -0.11184943467378616, 0.6056216359138489], "std": [0.0, 0.0, 0.22053340077400208, 0.24578718841075897, 0.3973853290081024, 0.5183027386665344, 0.5130141973495483, 0.7439019083976746, 0.5972036123275757, 0.909156084060669, 0.38890743255615234, 0.6462244391441345, 0.5418350696563721, 0.9285799860954285, 0.6189002990722656, 1.0594696998596191, 0.6780691742897034, 1.1571766138076782, 0.351493239402771, 0.6278460025787354, 0.5228170156478882, 0.9081642627716064, 0.5769466757774353, 1.0032464265823364, 0.6172981858253479, 1.0772912502288818, 0.34718021750450134, 0.6001678109169006, 0.5046290159225464, 0.8618240356445312, 0.5398364663124084, 0.9301073551177979, 0.5674207806587219, 0.982799232006073, 0.3686457872390747, 0.5724028944969177, 0.4917948246002197, 0.7906518578529358, 0.5225430727005005, 0.8600524067878723, 0.5469375252723694, 0.9111618399620056, 0.0, 0.0, 0.2227913737297058, 0.21094763278961182, 0.3964605927467346, 0.46209844946861267, 0.49834346771240234, 0.686967670917511, 0.5647332668304443, 0.8622191548347473, 0.37425026297569275, 0.5718966126441956, 0.519845724105835, 0.8554848432540894, 0.601375162601471, 0.9972476959228516, 0.6649200320243835, 1.1001958847045898, 0.33064234256744385, 0.5700063705444336, 0.4962615668773651, 0.8599028587341309, 0.578993558883667, 0.9931068420410156, 0.6442780494689941, 1.0908819437026978, 0.3183717429637909, 0.5582607984542847, 0.4740976393222809, 0.8271853923797607, 0.5475391149520874, 0.9467546343803406, 0.6066535115242004, 1.0358014106750488, 0.3310319483280182, 0.5417776703834534, 0.4552111327648163, 0.7576766014099121, 0.5193333029747009, 0.8566253781318665, 0.5679147839546204, 0.9320418834686279]}